idFile1,idFile2,Score
38477,10011646,0.7058823529411764
36260,10316920,0.825
35810,10326220,0.6730769230769231
32034,10333368,0.7096774193548387
23686,10011646,0.6727272727272727
23686,10333848,0.6727272727272727
27479,10351869,0.8970588235294118
37606,10353206,0.65625
39179,10365096,0.7241379310344828
